platform,rank,title,heat,tag,link,timestamp
百度,1,伊朗总统就哈梅内伊身亡发表声明,7809339,1,https://www.baidu.com/s?wd=%E4%BC%8A%E6%9C%97%E6%80%BB%E7%BB%9F%E5%B0%B1%E5%93%88%E6%A2%85%E5%86%85%E4%BC%8A%E8%BA%AB%E4%BA%A1%E5%8F%91%E8%A1%A8%E5%A3%B0%E6%98%8E&sa=fyb_news&rsv_dl=fyb_news,2026-03-01 17:35:22
百度,2,中国军号：我们不期待但绝不惧怕,7712700,1,https://www.baidu.com/s?wd=%E4%B8%AD%E5%9B%BD%E5%86%9B%E5%8F%B7%EF%BC%9A%E6%88%91%E4%BB%AC%E4%B8%8D%E6%9C%9F%E5%BE%85%E4%BD%86%E7%BB%9D%E4%B8%8D%E6%83%A7%E6%80%95&sa=fyb_news&rsv_dl=fyb_news,2026-03-01 17:35:22
百度,3,全国政协会议议程来了,7618064,0,https://www.baidu.com/s?wd=%E5%85%A8%E5%9B%BD%E6%94%BF%E5%8D%8F%E4%BC%9A%E8%AE%AE%E8%AE%AE%E7%A8%8B%E6%9D%A5%E4%BA%86&sa=fyb_news&rsv_dl=fyb_news,2026-03-01 17:35:22
百度,4,伊朗媒体：哈梅内伊遇害,7522421,3,https://www.baidu.com/s?wd=%E4%BC%8A%E6%9C%97%E5%AA%92%E4%BD%93%EF%BC%9A%E5%93%88%E6%A2%85%E5%86%85%E4%BC%8A%E9%81%87%E5%AE%B3&sa=fyb_news&rsv_dl=fyb_news,2026-03-01 17:35:22
百度,5,伊朗公布部分遇害高级军官名单,7426592,3,https://www.baidu.com/s?wd=%E4%BC%8A%E6%9C%97%E5%85%AC%E5%B8%83%E9%83%A8%E5%88%86%E9%81%87%E5%AE%B3%E9%AB%98%E7%BA%A7%E5%86%9B%E5%AE%98%E5%90%8D%E5%8D%95&sa=fyb_news&rsv_dl=fyb_news,2026-03-01 17:35:22
百度,6,网警护航研考：规避查分陷阱,7328804,0,https://www.baidu.com/s?wd=%E7%BD%91%E8%AD%A6%E6%8A%A4%E8%88%AA%E7%A0%94%E8%80%83%EF%BC%9A%E8%A7%84%E9%81%BF%E6%9F%A5%E5%88%86%E9%99%B7%E9%98%B1&sa=fyb_news&rsv_dl=fyb_news,2026-03-01 17:35:22
百度,7,“我要验牌”怎么就火了,7235280,0,https://www.baidu.com/s?wd=%E2%80%9C%E6%88%91%E8%A6%81%E9%AA%8C%E7%89%8C%E2%80%9D%E6%80%8E%E4%B9%88%E5%B0%B1%E7%81%AB%E4%BA%86&sa=fyb_news&rsv_dl=fyb_news,2026-03-01 17:35:22
百度,8,油价或出现历史性飙升,7140842,1,https://www.baidu.com/s?wd=%E6%B2%B9%E4%BB%B7%E6%88%96%E5%87%BA%E7%8E%B0%E5%8E%86%E5%8F%B2%E6%80%A7%E9%A3%99%E5%8D%87&sa=fyb_news&rsv_dl=fyb_news,2026-03-01 17:35:22
百度,9,《中国人民解放军预备役人员证》启用,7042710,3,https://www.baidu.com/s?wd=%E3%80%8A%E4%B8%AD%E5%9B%BD%E4%BA%BA%E6%B0%91%E8%A7%A3%E6%94%BE%E5%86%9B%E9%A2%84%E5%A4%87%E5%BD%B9%E4%BA%BA%E5%91%98%E8%AF%81%E3%80%8B%E5%90%AF%E7%94%A8&sa=fyb_news&rsv_dl=fyb_news,2026-03-01 17:35:22
百度,10,10万元黄金被女儿当垃圾扔了,6951870,0,https://www.baidu.com/s?wd=10%E4%B8%87%E5%85%83%E9%BB%84%E9%87%91%E8%A2%AB%E5%A5%B3%E5%84%BF%E5%BD%93%E5%9E%83%E5%9C%BE%E6%89%94%E4%BA%86&sa=fyb_news&rsv_dl=fyb_news,2026-03-01 17:35:22
百度,11,安徽涡阳发生地震系谣言,6857977,0,https://www.baidu.com/s?wd=%E5%AE%89%E5%BE%BD%E6%B6%A1%E9%98%B3%E5%8F%91%E7%94%9F%E5%9C%B0%E9%9C%87%E7%B3%BB%E8%B0%A3%E8%A8%80&sa=fyb_news&rsv_dl=fyb_news,2026-03-01 17:35:22
百度,12,哈梅内伊遇害如何影响局势,6757513,3,https://www.baidu.com/s?wd=%E5%93%88%E6%A2%85%E5%86%85%E4%BC%8A%E9%81%87%E5%AE%B3%E5%A6%82%E4%BD%95%E5%BD%B1%E5%93%8D%E5%B1%80%E5%8A%BF&sa=fyb_news&rsv_dl=fyb_news,2026-03-01 17:35:22
百度,13,伊朗警察部队情报部门司令遇袭身亡,6667706,1,https://www.baidu.com/s?wd=%E4%BC%8A%E6%9C%97%E8%AD%A6%E5%AF%9F%E9%83%A8%E9%98%9F%E6%83%85%E6%8A%A5%E9%83%A8%E9%97%A8%E5%8F%B8%E4%BB%A4%E9%81%87%E8%A2%AD%E8%BA%AB%E4%BA%A1&sa=fyb_news&rsv_dl=fyb_news,2026-03-01 17:35:22
百度,14,伊朗：武装部队总参谋长穆萨维身亡,6569991,1,https://www.baidu.com/s?wd=%E4%BC%8A%E6%9C%97%EF%BC%9A%E6%AD%A6%E8%A3%85%E9%83%A8%E9%98%9F%E6%80%BB%E5%8F%82%E8%B0%8B%E9%95%BF%E7%A9%86%E8%90%A8%E7%BB%B4%E8%BA%AB%E4%BA%A1&sa=fyb_news&rsv_dl=fyb_news,2026-03-01 17:35:22
百度,15,战火持续 关注美以伊最新局势,6475672,0,https://www.baidu.com/s?wd=%E6%88%98%E7%81%AB%E6%8C%81%E7%BB%AD+%E5%85%B3%E6%B3%A8%E7%BE%8E%E4%BB%A5%E4%BC%8A%E6%9C%80%E6%96%B0%E5%B1%80%E5%8A%BF&sa=fyb_news&rsv_dl=fyb_news,2026-03-01 17:35:22
百度,16,以军：24小时向伊朗投掷超1200枚导弹,6371380,0,https://www.baidu.com/s?wd=%E4%BB%A5%E5%86%9B%EF%BC%9A24%E5%B0%8F%E6%97%B6%E5%90%91%E4%BC%8A%E6%9C%97%E6%8A%95%E6%8E%B7%E8%B6%851200%E6%9E%9A%E5%AF%BC%E5%BC%B9&sa=fyb_news&rsv_dl=fyb_news,2026-03-01 17:35:22
百度,17,哈梅内伊身亡 伊拉克宣布3天全国哀悼,6285384,0,https://www.baidu.com/s?wd=%E5%93%88%E6%A2%85%E5%86%85%E4%BC%8A%E8%BA%AB%E4%BA%A1+%E4%BC%8A%E6%8B%89%E5%85%8B%E5%AE%A3%E5%B8%833%E5%A4%A9%E5%85%A8%E5%9B%BD%E5%93%80%E6%82%BC&sa=fyb_news&rsv_dl=fyb_news,2026-03-01 17:35:22
百度,18,伊朗导弹击中以军总参谋部,6180098,3,https://www.baidu.com/s?wd=%E4%BC%8A%E6%9C%97%E5%AF%BC%E5%BC%B9%E5%87%BB%E4%B8%AD%E4%BB%A5%E5%86%9B%E6%80%BB%E5%8F%82%E8%B0%8B%E9%83%A8&sa=fyb_news&rsv_dl=fyb_news,2026-03-01 17:35:22
百度,19,美伊两国代表联合国交锋,6086230,0,https://www.baidu.com/s?wd=%E7%BE%8E%E4%BC%8A%E4%B8%A4%E5%9B%BD%E4%BB%A3%E8%A1%A8%E8%81%94%E5%90%88%E5%9B%BD%E4%BA%A4%E9%94%8B&sa=fyb_news&rsv_dl=fyb_news,2026-03-01 17:35:22
百度,20,美国精准袭击哈梅内伊 谁是内鬼,5985586,0,https://www.baidu.com/s?wd=%E7%BE%8E%E5%9B%BD%E7%B2%BE%E5%87%86%E8%A2%AD%E5%87%BB%E5%93%88%E6%A2%85%E5%86%85%E4%BC%8A+%E8%B0%81%E6%98%AF%E5%86%85%E9%AC%BC&sa=fyb_news&rsv_dl=fyb_news,2026-03-01 17:35:22
百度,21,伊朗：将选举新的最高领袖,5896106,0,https://www.baidu.com/s?wd=%E4%BC%8A%E6%9C%97%EF%BC%9A%E5%B0%86%E9%80%89%E4%B8%BE%E6%96%B0%E7%9A%84%E6%9C%80%E9%AB%98%E9%A2%86%E8%A2%96&sa=fyb_news&rsv_dl=fyb_news,2026-03-01 17:35:22
百度,22,多家航司公布涉中东机票退改方案,5801729,0,https://www.baidu.com/s?wd=%E5%A4%9A%E5%AE%B6%E8%88%AA%E5%8F%B8%E5%85%AC%E5%B8%83%E6%B6%89%E4%B8%AD%E4%B8%9C%E6%9C%BA%E7%A5%A8%E9%80%80%E6%94%B9%E6%96%B9%E6%A1%88&sa=fyb_news&rsv_dl=fyb_news,2026-03-01 17:35:22
百度,23,迪拜机场同胞滞留 央视车辆紧急转运,5699262,0,https://www.baidu.com/s?wd=%E8%BF%AA%E6%8B%9C%E6%9C%BA%E5%9C%BA%E5%90%8C%E8%83%9E%E6%BB%9E%E7%95%99+%E5%A4%AE%E8%A7%86%E8%BD%A6%E8%BE%86%E7%B4%A7%E6%80%A5%E8%BD%AC%E8%BF%90&sa=fyb_news&rsv_dl=fyb_news,2026-03-01 17:35:22
百度,24,伊朗民众举行集会悼念哈梅内伊,5608612,0,https://www.baidu.com/s?wd=%E4%BC%8A%E6%9C%97%E6%B0%91%E4%BC%97%E4%B8%BE%E8%A1%8C%E9%9B%86%E4%BC%9A%E6%82%BC%E5%BF%B5%E5%93%88%E6%A2%85%E5%86%85%E4%BC%8A&sa=fyb_news&rsv_dl=fyb_news,2026-03-01 17:35:22
百度,25,美军公布对伊朗行动视频,5502927,3,https://www.baidu.com/s?wd=%E7%BE%8E%E5%86%9B%E5%85%AC%E5%B8%83%E5%AF%B9%E4%BC%8A%E6%9C%97%E8%A1%8C%E5%8A%A8%E8%A7%86%E9%A2%91&sa=fyb_news&rsv_dl=fyb_news,2026-03-01 17:35:22
百度,26,伊朗一小学遭导弹袭击 已致148死,5421113,0,https://www.baidu.com/s?wd=%E4%BC%8A%E6%9C%97%E4%B8%80%E5%B0%8F%E5%AD%A6%E9%81%AD%E5%AF%BC%E5%BC%B9%E8%A2%AD%E5%87%BB+%E5%B7%B2%E8%87%B4148%E6%AD%BB&sa=fyb_news&rsv_dl=fyb_news,2026-03-01 17:35:22
百度,27,百岁老人寿宴212人磕头 家属发声,5311464,1,https://www.baidu.com/s?wd=%E7%99%BE%E5%B2%81%E8%80%81%E4%BA%BA%E5%AF%BF%E5%AE%B4212%E4%BA%BA%E7%A3%95%E5%A4%B4+%E5%AE%B6%E5%B1%9E%E5%8F%91%E5%A3%B0&sa=fyb_news&rsv_dl=fyb_news,2026-03-01 17:35:22
百度,28,以军：首次打击伊朗首都中心地带目标,5228409,0,https://www.baidu.com/s?wd=%E4%BB%A5%E5%86%9B%EF%BC%9A%E9%A6%96%E6%AC%A1%E6%89%93%E5%87%BB%E4%BC%8A%E6%9C%97%E9%A6%96%E9%83%BD%E4%B8%AD%E5%BF%83%E5%9C%B0%E5%B8%A6%E7%9B%AE%E6%A0%87&sa=fyb_news&rsv_dl=fyb_news,2026-03-01 17:35:22
百度,29,伊朗伊斯兰革命卫队总司令身亡,5125045,3,https://www.baidu.com/s?wd=%E4%BC%8A%E6%9C%97%E4%BC%8A%E6%96%AF%E5%85%B0%E9%9D%A9%E5%91%BD%E5%8D%AB%E9%98%9F%E6%80%BB%E5%8F%B8%E4%BB%A4%E8%BA%AB%E4%BA%A1&sa=fyb_news&rsv_dl=fyb_news,2026-03-01 17:35:22
百度,30,解放军进入菲美日澳巡航区域,5024890,3,https://www.baidu.com/s?wd=%E8%A7%A3%E6%94%BE%E5%86%9B%E8%BF%9B%E5%85%A5%E8%8F%B2%E7%BE%8E%E6%97%A5%E6%BE%B3%E5%B7%A1%E8%88%AA%E5%8C%BA%E5%9F%9F&sa=fyb_news&rsv_dl=fyb_news,2026-03-01 17:35:22
百度,31,小伙租零押金电动车忘还 3年欠两万,4929637,0,https://www.baidu.com/s?wd=%E5%B0%8F%E4%BC%99%E7%A7%9F%E9%9B%B6%E6%8A%BC%E9%87%91%E7%94%B5%E5%8A%A8%E8%BD%A6%E5%BF%98%E8%BF%98+3%E5%B9%B4%E6%AC%A0%E4%B8%A4%E4%B8%87&sa=fyb_news&rsv_dl=fyb_news,2026-03-01 17:35:22
百度,32,瓦希迪将担任伊朗革命卫队总司令,4848459,0,https://www.baidu.com/s?wd=%E7%93%A6%E5%B8%8C%E8%BF%AA%E5%B0%86%E6%8B%85%E4%BB%BB%E4%BC%8A%E6%9C%97%E9%9D%A9%E5%91%BD%E5%8D%AB%E9%98%9F%E6%80%BB%E5%8F%B8%E4%BB%A4&sa=fyb_news&rsv_dl=fyb_news,2026-03-01 17:35:22
百度,33,伊拉克武装组织称打击美军基地,4748673,0,https://www.baidu.com/s?wd=%E4%BC%8A%E6%8B%89%E5%85%8B%E6%AD%A6%E8%A3%85%E7%BB%84%E7%BB%87%E7%A7%B0%E6%89%93%E5%87%BB%E7%BE%8E%E5%86%9B%E5%9F%BA%E5%9C%B0&sa=fyb_news&rsv_dl=fyb_news,2026-03-01 17:35:22
百度,34,伊朗：已为哈梅内伊殉难后制定预案,4661133,0,https://www.baidu.com/s?wd=%E4%BC%8A%E6%9C%97%EF%BC%9A%E5%B7%B2%E4%B8%BA%E5%93%88%E6%A2%85%E5%86%85%E4%BC%8A%E6%AE%89%E9%9A%BE%E5%90%8E%E5%88%B6%E5%AE%9A%E9%A2%84%E6%A1%88&sa=fyb_news&rsv_dl=fyb_news,2026-03-01 17:35:22
百度,35,孙颖莎晋级WTT新加坡大满贯女单决赛,4574100,0,https://www.baidu.com/s?wd=%E5%AD%99%E9%A2%96%E8%8E%8E%E6%99%8B%E7%BA%A7WTT%E6%96%B0%E5%8A%A0%E5%9D%A1%E5%A4%A7%E6%BB%A1%E8%B4%AF%E5%A5%B3%E5%8D%95%E5%86%B3%E8%B5%9B&sa=fyb_news&rsv_dl=fyb_news,2026-03-01 17:35:22
百度,36,伊朗再对美以基地发动大规模袭击,4451885,0,https://www.baidu.com/s?wd=%E4%BC%8A%E6%9C%97%E5%86%8D%E5%AF%B9%E7%BE%8E%E4%BB%A5%E5%9F%BA%E5%9C%B0%E5%8F%91%E5%8A%A8%E5%A4%A7%E8%A7%84%E6%A8%A1%E8%A2%AD%E5%87%BB&sa=fyb_news&rsv_dl=fyb_news,2026-03-01 17:35:22
百度,37,伊朗驻华使馆降半旗,4353146,0,https://www.baidu.com/s?wd=%E4%BC%8A%E6%9C%97%E9%A9%BB%E5%8D%8E%E4%BD%BF%E9%A6%86%E9%99%8D%E5%8D%8A%E6%97%97&sa=fyb_news&rsv_dl=fyb_news,2026-03-01 17:35:22
百度,38,伊朗临时领导委员会将于3月1日成立,4254225,0,https://www.baidu.com/s?wd=%E4%BC%8A%E6%9C%97%E4%B8%B4%E6%97%B6%E9%A2%86%E5%AF%BC%E5%A7%94%E5%91%98%E4%BC%9A%E5%B0%86%E4%BA%8E3%E6%9C%881%E6%97%A5%E6%88%90%E7%AB%8B&sa=fyb_news&rsv_dl=fyb_news,2026-03-01 17:35:22
百度,39,美以打击伊朗24小时后 局势如何,4161740,0,https://www.baidu.com/s?wd=%E7%BE%8E%E4%BB%A5%E6%89%93%E5%87%BB%E4%BC%8A%E6%9C%9724%E5%B0%8F%E6%97%B6%E5%90%8E+%E5%B1%80%E5%8A%BF%E5%A6%82%E4%BD%95&sa=fyb_news&rsv_dl=fyb_news,2026-03-01 17:35:22
百度,40,2岁小孩高铁车厢唱歌引旅客大打出手,4064110,0,https://www.baidu.com/s?wd=2%E5%B2%81%E5%B0%8F%E5%AD%A9%E9%AB%98%E9%93%81%E8%BD%A6%E5%8E%A2%E5%94%B1%E6%AD%8C%E5%BC%95%E6%97%85%E5%AE%A2%E5%A4%A7%E6%89%93%E5%87%BA%E6%89%8B&sa=fyb_news&rsv_dl=fyb_news,2026-03-01 17:35:22
百度,41,迪拜接连传出爆炸声 导弹降落城区,3979378,0,https://www.baidu.com/s?wd=%E8%BF%AA%E6%8B%9C%E6%8E%A5%E8%BF%9E%E4%BC%A0%E5%87%BA%E7%88%86%E7%82%B8%E5%A3%B0+%E5%AF%BC%E5%BC%B9%E9%99%8D%E8%90%BD%E5%9F%8E%E5%8C%BA&sa=fyb_news&rsv_dl=fyb_news,2026-03-01 17:35:22
百度,42,上海气功研究所招聘 月薪1.6万有编制,3893903,0,https://www.baidu.com/s?wd=%E4%B8%8A%E6%B5%B7%E6%B0%94%E5%8A%9F%E7%A0%94%E7%A9%B6%E6%89%80%E6%8B%9B%E8%81%98+%E6%9C%88%E8%96%AA1.6%E4%B8%87%E6%9C%89%E7%BC%96%E5%88%B6&sa=fyb_news&rsv_dl=fyb_news,2026-03-01 17:35:22
百度,43,王曼昱晋级WTT新加坡大满贯女单决赛,3798635,0,https://www.baidu.com/s?wd=%E7%8E%8B%E6%9B%BC%E6%98%B1%E6%99%8B%E7%BA%A7WTT%E6%96%B0%E5%8A%A0%E5%9D%A1%E5%A4%A7%E6%BB%A1%E8%B4%AF%E5%A5%B3%E5%8D%95%E5%86%B3%E8%B5%9B&sa=fyb_news&rsv_dl=fyb_news,2026-03-01 17:35:22
百度,44,60岁大爷自学2年通过法考,3678132,1,https://www.baidu.com/s?wd=60%E5%B2%81%E5%A4%A7%E7%88%B7%E8%87%AA%E5%AD%A62%E5%B9%B4%E9%80%9A%E8%BF%87%E6%B3%95%E8%80%83&sa=fyb_news&rsv_dl=fyb_news,2026-03-01 17:35:22
百度,45,替父请假致其被开除 涉事门店道歉,3599515,0,https://www.baidu.com/s?wd=%E6%9B%BF%E7%88%B6%E8%AF%B7%E5%81%87%E8%87%B4%E5%85%B6%E8%A2%AB%E5%BC%80%E9%99%A4+%E6%B6%89%E4%BA%8B%E9%97%A8%E5%BA%97%E9%81%93%E6%AD%89&sa=fyb_news&rsv_dl=fyb_news,2026-03-01 17:35:22
百度,46,广东一地推行“周三无作业日”,3522487,1,https://www.baidu.com/s?wd=%E5%B9%BF%E4%B8%9C%E4%B8%80%E5%9C%B0%E6%8E%A8%E8%A1%8C%E2%80%9C%E5%91%A8%E4%B8%89%E6%97%A0%E4%BD%9C%E4%B8%9A%E6%97%A5%E2%80%9D&sa=fyb_news&rsv_dl=fyb_news,2026-03-01 17:35:22
百度,47,伊朗对伊拉克北部美军基地发起袭击,3417028,1,https://www.baidu.com/s?wd=%E4%BC%8A%E6%9C%97%E5%AF%B9%E4%BC%8A%E6%8B%89%E5%85%8B%E5%8C%97%E9%83%A8%E7%BE%8E%E5%86%9B%E5%9F%BA%E5%9C%B0%E5%8F%91%E8%B5%B7%E8%A2%AD%E5%87%BB&sa=fyb_news&rsv_dl=fyb_news,2026-03-01 17:35:22
百度,48,网友喊复工 江西小炒店主连夜回浙江,3329416,1,https://www.baidu.com/s?wd=%E7%BD%91%E5%8F%8B%E5%96%8A%E5%A4%8D%E5%B7%A5+%E6%B1%9F%E8%A5%BF%E5%B0%8F%E7%82%92%E5%BA%97%E4%B8%BB%E8%BF%9E%E5%A4%9C%E5%9B%9E%E6%B5%99%E6%B1%9F&sa=fyb_news&rsv_dl=fyb_news,2026-03-01 17:35:22
百度,49,广东街头现震撼“龙吸水”,3205200,0,https://www.baidu.com/s?wd=%E5%B9%BF%E4%B8%9C%E8%A1%97%E5%A4%B4%E7%8E%B0%E9%9C%87%E6%92%BC%E2%80%9C%E9%BE%99%E5%90%B8%E6%B0%B4%E2%80%9D&sa=fyb_news&rsv_dl=fyb_news,2026-03-01 17:35:22
百度,50,宾阳炮龙节炸街太疯狂了,3131363,0,https://www.baidu.com/s?wd=%E5%AE%BE%E9%98%B3%E7%82%AE%E9%BE%99%E8%8A%82%E7%82%B8%E8%A1%97%E5%A4%AA%E7%96%AF%E7%8B%82%E4%BA%86&sa=fyb_news&rsv_dl=fyb_news,2026-03-01 17:35:22
